date,selection,left_provider,right_provider,field,left_value,right_value,abs_difference,tolerance,status,resolution
2020-03-09,extreme_vndirect,dnse,vndirect,open,,835.65,,0.02,missing,unresolved
2020-03-09,extreme_vndirect,dnse,vndirect,high,,835.65,,0.02,missing,unresolved
2020-03-09,extreme_vndirect,dnse,vndirect,low,,781.12,,0.02,missing,unresolved
2020-03-09,extreme_vndirect,dnse,vndirect,close,,782.85,,0.02,missing,unresolved
2020-03-23,extreme_vndirect,dnse,vndirect,open,,671.05,,0.02,missing,unresolved
2020-03-23,extreme_vndirect,dnse,vndirect,high,,671.05,,0.02,missing,unresolved
2020-03-23,extreme_vndirect,dnse,vndirect,low,,628.46,,0.02,missing,unresolved
2020-03-23,extreme_vndirect,dnse,vndirect,close,,632.86,,0.02,missing,unresolved
2020-06-18,year_stratified,dnse,vndirect,open,795.84,795.84,0.0,0.02,pass,not_required
2020-06-18,year_stratified,dnse,vndirect,high,800.03,800.03,0.0,0.02,pass,not_required
2020-06-18,year_stratified,dnse,vndirect,low,788.72,788.72,0.0,0.02,pass,not_required
2020-06-18,year_stratified,dnse,vndirect,close,799.53,797.08,2.449999999999932,0.02,discrepancy,unresolved
2020-07-15,year_stratified,dnse,vndirect,open,805.38,805.38,0.0,0.02,pass,not_required
2020-07-15,year_stratified,dnse,vndirect,high,815.09,815.09,0.0,0.02,pass,not_required
2020-07-15,year_stratified,dnse,vndirect,low,805.38,805.38,0.0,0.02,pass,not_required
2020-07-15,year_stratified,dnse,vndirect,close,812.62,810.16,2.4600000000000364,0.02,discrepancy,unresolved
2020-07-27,extreme_dnse;extreme_vndirect,dnse,vndirect,open,767.3,767.3,0.0,0.02,pass,not_required
2020-07-27,extreme_dnse;extreme_vndirect,dnse,vndirect,high,767.3,767.3,0.0,0.02,pass,not_required
2020-07-27,extreme_dnse;extreme_vndirect,dnse,vndirect,low,726.02,726.02,0.0,0.02,pass,not_required
2020-07-27,extreme_dnse;extreme_vndirect,dnse,vndirect,close,729.93,729.93,0.0,0.02,pass,not_required
2020-07-30,year_stratified,dnse,vndirect,open,735.16,735.3,0.13999999999998636,0.02,discrepancy,unresolved
2020-07-30,year_stratified,dnse,vndirect,high,746.74,746.74,0.0,0.02,pass,not_required
2020-07-30,year_stratified,dnse,vndirect,low,735.16,735.3,0.13999999999998636,0.02,discrepancy,unresolved
2020-07-30,year_stratified,dnse,vndirect,close,746.02,746.02,0.0,0.02,pass,not_required
2020-08-13,year_stratified,dnse,vndirect,open,788.42,789.26,0.8400000000000318,0.02,discrepancy,unresolved
2020-08-13,year_stratified,dnse,vndirect,high,795.69,795.69,0.0,0.02,pass,not_required
2020-08-13,year_stratified,dnse,vndirect,low,788.42,789.26,0.8400000000000318,0.02,discrepancy,unresolved
2020-08-13,year_stratified,dnse,vndirect,close,795.09,795.09,0.0,0.02,pass,not_required
2020-10-23,year_stratified,dnse,vndirect,open,918.84,918.84,0.0,0.02,pass,not_required
2020-10-23,year_stratified,dnse,vndirect,high,930.59,930.59,0.0,0.02,pass,not_required
2020-10-23,year_stratified,dnse,vndirect,low,918.84,918.84,0.0,0.02,pass,not_required
2020-10-23,year_stratified,dnse,vndirect,close,930.3,930.3,0.0,0.02,pass,not_required
2021-01-19,extreme_dnse;extreme_vndirect,dnse,vndirect,open,1173.34,1173.27,0.06999999999993634,0.02,discrepancy,unresolved
2021-01-19,extreme_dnse;extreme_vndirect,dnse,vndirect,high,1173.61,1173.61,0.0,0.02,pass,not_required
2021-01-19,extreme_dnse;extreme_vndirect,dnse,vndirect,low,1098.47,1098.47,0.0,0.02,pass,not_required
2021-01-19,extreme_dnse;extreme_vndirect,dnse,vndirect,close,1107.32,1107.32,0.0,0.02,pass,not_required
2021-01-28,extreme_vndirect,dnse,vndirect,open,,1080.83,,0.02,missing,unresolved
2021-01-28,extreme_vndirect,dnse,vndirect,high,,1080.83,,0.02,missing,unresolved
2021-01-28,extreme_vndirect,dnse,vndirect,low,,1008.53,,0.02,missing,unresolved
2021-01-28,extreme_vndirect,dnse,vndirect,close,,1010.75,,0.02,missing,unresolved
2021-06-17,year_stratified,dnse,vndirect,open,1465.58,1463.98,1.599999999999909,0.02,discrepancy,unresolved
2021-06-17,year_stratified,dnse,vndirect,high,1469.44,1469.44,0.0,0.02,pass,not_required
2021-06-17,year_stratified,dnse,vndirect,low,1445.39,1445.39,0.0,0.02,pass,not_required
2021-06-17,year_stratified,dnse,vndirect,close,1461.91,1461.91,0.0,0.02,pass,not_required
2021-07-26,year_stratified,dnse,vndirect,open,1396.45,1397.01,0.5599999999999454,0.02,discrepancy,unresolved
2021-07-26,year_stratified,dnse,vndirect,high,1409.94,1409.94,0.0,0.02,pass,not_required
2021-07-26,year_stratified,dnse,vndirect,low,1384.87,1384.87,0.0,0.02,pass,not_required
2021-07-26,year_stratified,dnse,vndirect,close,1403.96,1403.96,0.0,0.02,pass,not_required
2021-08-26,year_stratified,dnse,vndirect,open,1432.02,1432.37,0.34999999999990905,0.02,discrepancy,unresolved
2021-08-26,year_stratified,dnse,vndirect,high,1433.67,1433.67,0.0,0.02,pass,not_required
2021-08-26,year_stratified,dnse,vndirect,low,1408.08,1408.08,0.0,0.02,pass,not_required
2021-08-26,year_stratified,dnse,vndirect,close,1412.45,1412.45,0.0,0.02,pass,not_required
2021-10-13,year_stratified,dnse,vndirect,open,1512.7,1512.73,0.029999999999972715,0.02,discrepancy,unresolved
2021-10-13,year_stratified,dnse,vndirect,high,1519.11,1519.11,0.0,0.02,pass,not_required
2021-10-13,year_stratified,dnse,vndirect,low,1502.19,1502.19,0.0,0.02,pass,not_required
2021-10-13,year_stratified,dnse,vndirect,close,1505.55,1505.55,0.0,0.02,pass,not_required
2021-10-19,year_stratified,dnse,vndirect,open,1510.78,1512.1,1.3199999999999363,0.02,discrepancy,unresolved
2021-10-19,year_stratified,dnse,vndirect,high,1513.83,1513.83,0.0,0.02,pass,not_required
2021-10-19,year_stratified,dnse,vndirect,low,1503.89,1503.89,0.0,0.02,pass,not_required
2021-10-19,year_stratified,dnse,vndirect,close,1507.19,1507.19,0.0,0.02,pass,not_required
2022-03-30,year_stratified,dnse,vndirect,open,1497.98,1497.98,0.0,0.02,pass,not_required
2022-03-30,year_stratified,dnse,vndirect,high,1513.91,1513.91,0.0,0.02,pass,not_required
2022-03-30,year_stratified,dnse,vndirect,low,1496.59,1496.59,0.0,0.02,pass,not_required
2022-03-30,year_stratified,dnse,vndirect,close,1500.23,1500.23,0.0,0.02,pass,not_required
2022-04-25,extreme_dnse;extreme_vndirect,dnse,vndirect,open,1444.79,1444.79,0.0,0.02,pass,not_required
2022-04-25,extreme_dnse;extreme_vndirect,dnse,vndirect,high,1445.62,1445.62,0.0,0.02,pass,not_required
2022-04-25,extreme_dnse;extreme_vndirect,dnse,vndirect,low,1356.36,1356.36,0.0,0.02,pass,not_required
2022-04-25,extreme_dnse;extreme_vndirect,dnse,vndirect,close,1366.39,1366.39,0.0,0.02,pass,not_required
2022-05-12,extreme_dnse,dnse,vndirect,open,1337.01,1337.01,0.0,0.02,pass,not_required
2022-05-12,extreme_dnse,dnse,vndirect,high,1349.82,1339.25,10.569999999999936,0.02,discrepancy,unresolved
2022-05-12,extreme_dnse,dnse,vndirect,low,1279.48,1279.48,0.0,0.02,pass,not_required
2022-05-12,extreme_dnse,dnse,vndirect,close,1279.76,1279.76,0.0,0.02,pass,not_required
2022-05-17,extreme_dnse,dnse,vndirect,open,1211.88,1211.88,0.0,0.02,pass,not_required
2022-05-17,extreme_dnse,dnse,vndirect,high,1279.55,1279.55,0.0,0.02,pass,not_required
2022-05-17,extreme_dnse,dnse,vndirect,low,1203.51,1203.51,0.0,0.02,pass,not_required
2022-05-17,extreme_dnse,dnse,vndirect,close,1279.55,1279.55,0.0,0.02,pass,not_required
2022-05-23,year_stratified,dnse,vndirect,open,1287.49,1287.49,0.0,0.02,pass,not_required
2022-05-23,year_stratified,dnse,vndirect,high,1287.65,1287.65,0.0,0.02,pass,not_required
2022-05-23,year_stratified,dnse,vndirect,low,1245.41,1245.41,0.0,0.02,pass,not_required
2022-05-23,year_stratified,dnse,vndirect,close,1255.35,1255.35,0.0,0.02,pass,not_required
2022-06-24,year_stratified,dnse,vndirect,open,1239.54,1239.54,0.0,0.02,pass,not_required
2022-06-24,year_stratified,dnse,vndirect,high,1246.22,1246.22,0.0,0.02,pass,not_required
2022-06-24,year_stratified,dnse,vndirect,low,1234.72,1234.72,0.0,0.02,pass,not_required
2022-06-24,year_stratified,dnse,vndirect,close,1235.47,1235.47,0.0,0.02,pass,not_required
2022-08-11,year_stratified,dnse,vndirect,open,1282.09,1282.09,0.0,0.02,pass,not_required
2022-08-11,year_stratified,dnse,vndirect,high,1289.29,1289.29,0.0,0.02,pass,not_required
2022-08-11,year_stratified,dnse,vndirect,low,1267.04,1267.04,0.0,0.02,pass,not_required
2022-08-11,year_stratified,dnse,vndirect,close,1272.33,1272.33,0.0,0.02,pass,not_required
2022-10-26,year_stratified,dnse,vndirect,open,995.73,995.73,0.0,0.02,pass,not_required
2022-10-26,year_stratified,dnse,vndirect,high,999.59,999.59,0.0,0.02,pass,not_required
2022-10-26,year_stratified,dnse,vndirect,low,979.4,979.4,0.0,0.02,pass,not_required
2022-10-26,year_stratified,dnse,vndirect,close,988.69,990.41,1.7199999999999136,0.02,discrepancy,unresolved
2023-02-07,year_stratified,dnse,vndirect,open,1094.51,1094.51,0.0,0.02,pass,not_required
2023-02-07,year_stratified,dnse,vndirect,high,1096.93,1096.93,0.0,0.02,pass,not_required
2023-02-07,year_stratified,dnse,vndirect,low,1068.71,1068.71,0.0,0.02,pass,not_required
2023-02-07,year_stratified,dnse,vndirect,close,1069.5,1069.5,0.0,0.02,pass,not_required
2023-02-09,year_stratified,dnse,vndirect,open,1070.32,1070.32,0.0,0.02,pass,not_required
2023-02-09,year_stratified,dnse,vndirect,high,1076.48,1076.48,0.0,0.02,pass,not_required
2023-02-09,year_stratified,dnse,vndirect,low,1059.91,1059.91,0.0,0.02,pass,not_required
2023-02-09,year_stratified,dnse,vndirect,close,1059.91,1059.91,0.0,0.02,pass,not_required
2023-07-26,year_stratified,dnse,vndirect,open,1198.04,1198.04,0.0,0.02,pass,not_required
2023-07-26,year_stratified,dnse,vndirect,high,1201.43,1201.43,0.0,0.02,pass,not_required
2023-07-26,year_stratified,dnse,vndirect,low,1195.31,1195.31,0.0,0.02,pass,not_required
2023-07-26,year_stratified,dnse,vndirect,close,1201.43,1201.43,0.0,0.02,pass,not_required
2023-11-01,year_stratified,dnse,vndirect,open,1038.9,1038.9,0.0,0.02,pass,not_required
2023-11-01,year_stratified,dnse,vndirect,high,1051.65,1051.65,0.0,0.02,pass,not_required
2023-11-01,year_stratified,dnse,vndirect,low,1034.04,1034.04,0.0,0.02,pass,not_required
2023-11-01,year_stratified,dnse,vndirect,close,1051.65,1051.65,0.0,0.02,pass,not_required
2023-12-19,year_stratified,dnse,vndirect,open,1083.6,1083.6,0.0,0.02,pass,not_required
2023-12-19,year_stratified,dnse,vndirect,high,1091.87,1091.87,0.0,0.02,pass,not_required
2023-12-19,year_stratified,dnse,vndirect,low,1076.36,1076.36,0.0,0.02,pass,not_required
2023-12-19,year_stratified,dnse,vndirect,close,1091.87,1091.87,0.0,0.02,pass,not_required
2024-03-04,year_stratified,dnse,vndirect,open,1271.05,1271.05,0.0,0.02,pass,not_required
2024-03-04,year_stratified,dnse,vndirect,high,1275.36,1275.36,0.0,0.02,pass,not_required
2024-03-04,year_stratified,dnse,vndirect,low,1262.9,1262.9,0.0,0.02,pass,not_required
2024-03-04,year_stratified,dnse,vndirect,close,1268.53,1268.53,0.0,0.02,pass,not_required
2024-03-22,year_stratified,dnse,vndirect,open,1287.63,1287.63,0.0,0.02,pass,not_required
2024-03-22,year_stratified,dnse,vndirect,high,1295.79,1295.79,0.0,0.02,pass,not_required
2024-03-22,year_stratified,dnse,vndirect,low,1276.81,1276.81,0.0,0.02,pass,not_required
2024-03-22,year_stratified,dnse,vndirect,close,1284.14,1284.14,0.0,0.02,pass,not_required
2024-05-24,year_stratified,dnse,vndirect,open,1304.74,1304.74,0.0,0.02,pass,not_required
2024-05-24,year_stratified,dnse,vndirect,high,1309.89,1309.89,0.0,0.02,pass,not_required
2024-05-24,year_stratified,dnse,vndirect,low,1272.98,1272.98,0.0,0.02,pass,not_required
2024-05-24,year_stratified,dnse,vndirect,close,1283.46,1283.46,0.0,0.02,pass,not_required
2024-07-24,year_stratified,dnse,vndirect,open,1274.42,1274.42,0.0,0.02,pass,not_required
2024-07-24,year_stratified,dnse,vndirect,high,1284.18,1284.18,0.0,0.02,pass,not_required
2024-07-24,year_stratified,dnse,vndirect,low,1262.77,1262.77,0.0,0.02,pass,not_required
2024-07-24,year_stratified,dnse,vndirect,close,1280.51,1280.51,0.0,0.02,pass,not_required
2024-08-15,year_stratified,dnse,vndirect,open,1270.0,1270.0,0.0,0.02,pass,not_required
2024-08-15,year_stratified,dnse,vndirect,high,1272.25,1272.25,0.0,0.02,pass,not_required
2024-08-15,year_stratified,dnse,vndirect,low,1263.44,1263.44,0.0,0.02,pass,not_required
2024-08-15,year_stratified,dnse,vndirect,close,1265.32,1265.32,0.0,0.02,pass,not_required
2025-02-27,year_stratified,dnse,vndirect,open,1363.37,1363.37,0.0,0.02,pass,not_required
2025-02-27,year_stratified,dnse,vndirect,high,1364.27,1364.27,0.0,0.02,pass,not_required
2025-02-27,year_stratified,dnse,vndirect,low,1351.05,1351.05,0.0,0.02,pass,not_required
2025-02-27,year_stratified,dnse,vndirect,close,1363.62,1363.62,0.0,0.02,pass,not_required
2025-04-03,extreme_vndirect,dnse,vndirect,open,,1342.46,,0.02,missing,unresolved
2025-04-03,extreme_vndirect,dnse,vndirect,high,,1342.46,,0.02,missing,unresolved
2025-04-03,extreme_vndirect,dnse,vndirect,low,,1282.99,,0.02,missing,unresolved
2025-04-03,extreme_vndirect,dnse,vndirect,close,,1283.18,,0.02,missing,unresolved
2025-04-04,extreme_dnse,dnse,vndirect,open,1221.15,1269.06,47.909999999999854,0.02,discrepancy,unresolved
2025-04-04,extreme_dnse,dnse,vndirect,high,1280.52,1280.52,0.0,0.02,pass,not_required
2025-04-04,extreme_dnse,dnse,vndirect,low,1216.27,1208.42,7.849999999999909,0.02,discrepancy,unresolved
2025-04-04,extreme_dnse,dnse,vndirect,close,1280.52,1280.52,0.0,0.02,pass,not_required
2025-04-08,extreme_dnse;extreme_vndirect,dnse,vndirect,open,1241.58,1241.58,0.0,0.02,pass,not_required
2025-04-08,extreme_dnse;extreme_vndirect,dnse,vndirect,high,1245.51,1245.51,0.0,0.02,pass,not_required
2025-04-08,extreme_dnse;extreme_vndirect,dnse,vndirect,low,1193.47,1193.47,0.0,0.02,pass,not_required
2025-04-08,extreme_dnse;extreme_vndirect,dnse,vndirect,close,1197.51,1197.51,0.0,0.02,pass,not_required
2025-04-10,extreme_dnse;extreme_vndirect,dnse,vndirect,open,1248.92,1248.92,0.0,0.02,pass,not_required
2025-04-10,extreme_dnse;extreme_vndirect,dnse,vndirect,high,1249.29,1249.29,0.0,0.02,pass,not_required
2025-04-10,extreme_dnse;extreme_vndirect,dnse,vndirect,low,1248.1,1248.1,0.0,0.02,pass,not_required
2025-04-10,extreme_dnse;extreme_vndirect,dnse,vndirect,close,1249.29,1249.29,0.0,0.02,pass,not_required
2025-05-13,year_stratified,dnse,vndirect,open,1382.14,1372.04,10.100000000000136,0.02,discrepancy,unresolved
2025-05-13,year_stratified,dnse,vndirect,high,1382.88,1384.01,1.1299999999998818,0.02,discrepancy,unresolved
2025-05-13,year_stratified,dnse,vndirect,low,1371.11,1370.29,0.8199999999999363,0.02,discrepancy,unresolved
2025-05-13,year_stratified,dnse,vndirect,close,1382.78,1382.78,0.0,0.02,pass,not_required
2025-06-20,year_stratified,dnse,vndirect,open,1442.13,1439.3,2.8300000000001546,0.02,discrepancy,unresolved
2025-06-20,year_stratified,dnse,vndirect,high,1443.79,1443.79,0.0,0.02,pass,not_required
2025-06-20,year_stratified,dnse,vndirect,low,1432.44,1423.77,8.670000000000073,0.02,discrepancy,unresolved
2025-06-20,year_stratified,dnse,vndirect,close,1435.19,1435.19,0.0,0.02,pass,not_required
2025-09-04,year_stratified,dnse,vndirect,open,1866.18,1866.18,0.0,0.02,pass,not_required
2025-09-04,year_stratified,dnse,vndirect,high,1883.96,1883.96,0.0,0.02,pass,not_required
2025-09-04,year_stratified,dnse,vndirect,low,1850.15,1850.15,0.0,0.02,pass,not_required
2025-09-04,year_stratified,dnse,vndirect,close,1883.59,1883.59,0.0,0.02,pass,not_required
2025-09-18,year_stratified,dnse,vndirect,open,1873.88,1873.88,0.0,0.02,pass,not_required
2025-09-18,year_stratified,dnse,vndirect,high,1879.52,1879.52,0.0,0.02,pass,not_required
2025-09-18,year_stratified,dnse,vndirect,low,1849.1,1833.16,15.939999999999827,0.02,discrepancy,unresolved
2025-09-18,year_stratified,dnse,vndirect,close,1861.74,1861.74,0.0,0.02,pass,not_required
2025-10-20,extreme_dnse,dnse,vndirect,open,1966.8,1968.92,2.1200000000001182,0.02,discrepancy,unresolved
2025-10-20,extreme_dnse,dnse,vndirect,high,1972.81,1977.14,4.330000000000155,0.02,discrepancy,unresolved
2025-10-20,extreme_dnse,dnse,vndirect,low,1870.86,1868.69,2.1699999999998454,0.02,discrepancy,unresolved
2025-10-20,extreme_dnse,dnse,vndirect,close,1870.86,1870.86,0.0,0.02,pass,not_required
2026-02-10,year_stratified,dnse,vndirect,open,1951.51,1951.51,0.0,0.02,pass,not_required
2026-02-10,year_stratified,dnse,vndirect,high,1970.1,1970.1,0.0,0.02,pass,not_required
2026-02-10,year_stratified,dnse,vndirect,low,1935.9,1935.9,0.0,0.02,pass,not_required
2026-02-10,year_stratified,dnse,vndirect,close,1951.58,1951.58,0.0,0.02,pass,not_required
2026-03-09,extreme_dnse;extreme_vndirect,dnse,vndirect,open,1898.91,1898.91,0.0,0.02,pass,not_required
2026-03-09,extreme_dnse;extreme_vndirect,dnse,vndirect,high,1898.91,1898.91,0.0,0.02,pass,not_required
2026-03-09,extreme_dnse;extreme_vndirect,dnse,vndirect,low,1773.41,1773.41,0.0,0.02,pass,not_required
2026-03-09,extreme_dnse;extreme_vndirect,dnse,vndirect,close,1780.71,1780.71,0.0,0.02,pass,not_required
2026-04-16,year_stratified,dnse,vndirect,open,1966.27,1966.13,0.13999999999987267,0.02,discrepancy,unresolved
2026-04-16,year_stratified,dnse,vndirect,high,1982.79,1982.79,0.0,0.02,pass,not_required
2026-04-16,year_stratified,dnse,vndirect,low,1958.76,1958.76,0.0,0.02,pass,not_required
2026-04-16,year_stratified,dnse,vndirect,close,1979.19,1979.19,0.0,0.02,pass,not_required
2026-07-29,year_stratified,dnse,vndirect,open,1822.94,1822.94,0.0,0.02,pass,not_required
2026-07-29,year_stratified,dnse,vndirect,high,1849.12,1850.93,1.8100000000001728,0.02,discrepancy,unresolved
2026-07-29,year_stratified,dnse,vndirect,low,1814.19,1814.19,0.0,0.02,pass,not_required
2026-07-29,year_stratified,dnse,vndirect,close,1849.12,1849.12,0.0,0.02,pass,not_required
2026-07-30,year_stratified,dnse,vndirect,open,1848.98,1848.98,0.0,0.02,pass,not_required
2026-07-30,year_stratified,dnse,vndirect,high,1893.25,1893.25,0.0,0.02,pass,not_required
2026-07-30,year_stratified,dnse,vndirect,low,1842.8,1842.8,0.0,0.02,pass,not_required
2026-07-30,year_stratified,dnse,vndirect,close,1886.27,1886.27,0.0,0.02,pass,not_required
2026-08-28,year_stratified,dnse,vndirect,open,1981.0,1981.0,0.0,0.02,pass,not_required
2026-08-28,year_stratified,dnse,vndirect,high,1992.15,1992.15,0.0,0.02,pass,not_required
2026-08-28,year_stratified,dnse,vndirect,low,1971.18,1971.18,0.0,0.02,pass,not_required
2026-08-28,year_stratified,dnse,vndirect,close,1982.96,1982.96,0.0,0.02,pass,not_required
2017-09-14,year_stratified,vndirect,vps,open,786.82,786.82,0.0,0.02,pass,not_required
2017-09-14,year_stratified,vndirect,vps,high,793.16,793.16,0.0,0.02,pass,not_required
2017-09-14,year_stratified,vndirect,vps,low,786.82,786.82,0.0,0.02,pass,not_required
2017-09-14,year_stratified,vndirect,vps,close,789.41,789.41,0.0,0.02,pass,not_required
2017-09-29,year_stratified,vndirect,vps,open,791.4,791.4,0.0,0.02,pass,not_required
2017-09-29,year_stratified,vndirect,vps,high,797.26,797.26,0.0,0.02,pass,not_required
2017-09-29,year_stratified,vndirect,vps,low,791.4,791.4,0.0,0.02,pass,not_required
2017-09-29,year_stratified,vndirect,vps,close,792.72,792.72,0.0,0.02,pass,not_required
2017-10-06,year_stratified,vndirect,vps,open,797.82,797.82,0.0,0.02,pass,not_required
2017-10-06,year_stratified,vndirect,vps,high,800.73,800.73,0.0,0.02,pass,not_required
2017-10-06,year_stratified,vndirect,vps,low,796.23,796.23,0.0,0.02,pass,not_required
2017-10-06,year_stratified,vndirect,vps,close,800.42,800.42,0.0,0.02,pass,not_required
2017-10-16,year_stratified,vndirect,vps,open,815.27,815.27,0.0,0.02,pass,not_required
2017-10-16,year_stratified,vndirect,vps,high,817.72,817.72,0.0,0.02,pass,not_required
2017-10-16,year_stratified,vndirect,vps,low,811.39,811.39,0.0,0.02,pass,not_required
2017-10-16,year_stratified,vndirect,vps,close,811.85,811.85,0.0,0.02,pass,not_required
2017-11-20,year_stratified,vndirect,vps,open,886.49,886.49,0.0,0.02,pass,not_required
2017-11-20,year_stratified,vndirect,vps,high,899.31,899.31,0.0,0.02,pass,not_required
2017-11-20,year_stratified,vndirect,vps,low,883.7,883.7,0.0,0.02,pass,not_required
2017-11-20,year_stratified,vndirect,vps,close,899.31,899.31,0.0,0.02,pass,not_required
2018-06-12,year_stratified,vndirect,vps,open,1021.02,1021.02,0.0,0.02,pass,not_required
2018-06-12,year_stratified,vndirect,vps,high,1021.02,1021.02,0.0,0.02,pass,not_required
2018-06-12,year_stratified,vndirect,vps,low,989.53,989.53,0.0,0.02,pass,not_required
2018-06-12,year_stratified,vndirect,vps,close,1008.76,1008.76,0.0,0.02,pass,not_required
2018-07-16,year_stratified,vndirect,vps,open,901.68,901.68,0.0,0.02,pass,not_required
2018-07-16,year_stratified,vndirect,vps,high,910.82,910.82,0.0,0.02,pass,not_required
2018-07-16,year_stratified,vndirect,vps,low,897.03,897.03,0.0,0.02,pass,not_required
2018-07-16,year_stratified,vndirect,vps,close,904.18,904.18,0.0,0.02,pass,not_required
2018-08-17,year_stratified,vndirect,vps,open,951.68,951.68,0.0,0.02,pass,not_required
2018-08-17,year_stratified,vndirect,vps,high,959.39,959.39,0.0,0.02,pass,not_required
2018-08-17,year_stratified,vndirect,vps,low,949.23,949.23,0.0,0.02,pass,not_required
2018-08-17,year_stratified,vndirect,vps,close,949.23,949.23,0.0,0.02,pass,not_required
2018-10-05,year_stratified,vndirect,vps,open,993.42,993.42,0.0,0.02,pass,not_required
2018-10-05,year_stratified,vndirect,vps,high,993.42,993.42,0.0,0.02,pass,not_required
2018-10-05,year_stratified,vndirect,vps,low,980.75,980.75,0.0,0.02,pass,not_required
2018-10-05,year_stratified,vndirect,vps,close,980.75,980.75,0.0,0.02,pass,not_required
2018-10-11,year_stratified,vndirect,vps,open,959.12,959.12,0.0,0.02,pass,not_required
2018-10-11,year_stratified,vndirect,vps,high,959.12,959.12,0.0,0.02,pass,not_required
2018-10-11,year_stratified,vndirect,vps,low,911.69,911.69,0.0,0.02,pass,not_required
2018-10-11,year_stratified,vndirect,vps,close,920.02,920.02,0.0,0.02,pass,not_required
2019-03-28,year_stratified,vndirect,vps,open,901.51,901.51,0.0,0.02,pass,not_required
2019-03-28,year_stratified,vndirect,vps,high,903.88,903.88,0.0,0.02,pass,not_required
2019-03-28,year_stratified,vndirect,vps,low,898.17,898.17,0.0,0.02,pass,not_required
2019-03-28,year_stratified,vndirect,vps,close,901.65,901.65,0.0,0.02,pass,not_required
2019-05-22,year_stratified,vndirect,vps,open,901.49,901.49,0.0,0.02,pass,not_required
2019-05-22,year_stratified,vndirect,vps,high,906.99,906.99,0.0,0.02,pass,not_required
2019-05-22,year_stratified,vndirect,vps,low,897.27,897.27,0.0,0.02,pass,not_required
2019-05-22,year_stratified,vndirect,vps,close,897.66,897.66,0.0,0.02,pass,not_required
2019-06-25,year_stratified,vndirect,vps,open,867.73,867.73,0.0,0.02,pass,not_required
2019-06-25,year_stratified,vndirect,vps,high,870.37,870.37,0.0,0.02,pass,not_required
2019-06-25,year_stratified,vndirect,vps,low,866.25,866.25,0.0,0.02,pass,not_required
2019-06-25,year_stratified,vndirect,vps,close,868.5,868.5,0.0,0.02,pass,not_required
2019-08-13,year_stratified,vndirect,vps,open,882.2,882.2,0.0,0.02,pass,not_required
2019-08-13,year_stratified,vndirect,vps,high,882.2,882.2,0.0,0.02,pass,not_required
2019-08-13,year_stratified,vndirect,vps,low,875.32,875.32,0.0,0.02,pass,not_required
2019-08-13,year_stratified,vndirect,vps,close,877.97,877.97,0.0,0.02,pass,not_required
2019-10-24,year_stratified,vndirect,vps,open,919.54,919.54,0.0,0.02,pass,not_required
2019-10-24,year_stratified,vndirect,vps,high,925.25,925.25,0.0,0.02,pass,not_required
2019-10-24,year_stratified,vndirect,vps,low,919.17,919.17,0.0,0.02,pass,not_required
2019-10-24,year_stratified,vndirect,vps,close,925.25,925.25,0.0,0.02,pass,not_required
2020-02-06,year_stratified,vndirect,vps,open,845.38,845.38,0.0,0.02,pass,not_required
2020-02-06,year_stratified,vndirect,vps,high,862.86,862.86,0.0,0.02,pass,not_required
2020-02-06,year_stratified,vndirect,vps,low,842.68,842.68,0.0,0.02,pass,not_required
2020-02-06,year_stratified,vndirect,vps,close,862.86,862.86,0.0,0.02,pass,not_required
2020-02-10,year_stratified,vndirect,vps,open,863.28,863.28,0.0,0.02,pass,not_required
2020-02-10,year_stratified,vndirect,vps,high,863.28,863.28,0.0,0.02,pass,not_required
2020-02-10,year_stratified,vndirect,vps,low,848.21,848.21,0.0,0.02,pass,not_required
2020-02-10,year_stratified,vndirect,vps,close,852.87,852.87,0.0,0.02,pass,not_required
2020-03-09,extreme_vndirect;extreme_vps,vndirect,vps,open,835.65,835.65,0.0,0.02,pass,not_required
2020-03-09,extreme_vndirect;extreme_vps,vndirect,vps,high,835.65,835.65,0.0,0.02,pass,not_required
2020-03-09,extreme_vndirect;extreme_vps,vndirect,vps,low,781.12,781.12,0.0,0.02,pass,not_required
2020-03-09,extreme_vndirect;extreme_vps,vndirect,vps,close,782.85,782.85,0.0,0.02,pass,not_required
2020-03-23,extreme_vndirect;extreme_vps,vndirect,vps,open,671.05,671.05,0.0,0.02,pass,not_required
2020-03-23,extreme_vndirect;extreme_vps,vndirect,vps,high,671.05,671.05,0.0,0.02,pass,not_required
2020-03-23,extreme_vndirect;extreme_vps,vndirect,vps,low,628.46,628.46,0.0,0.02,pass,not_required
2020-03-23,extreme_vndirect;extreme_vps,vndirect,vps,close,632.86,632.86,0.0,0.02,pass,not_required
2020-07-27,extreme_vndirect;extreme_vps;year_stratified,vndirect,vps,open,767.3,767.3,0.0,0.02,pass,not_required
2020-07-27,extreme_vndirect;extreme_vps;year_stratified,vndirect,vps,high,767.3,772.29,4.990000000000009,0.02,discrepancy,unresolved
2020-07-27,extreme_vndirect;extreme_vps;year_stratified,vndirect,vps,low,726.02,726.02,0.0,0.02,pass,not_required
2020-07-27,extreme_vndirect;extreme_vps;year_stratified,vndirect,vps,close,729.93,729.93,0.0,0.02,pass,not_required
2020-11-02,year_stratified,vndirect,vps,open,892.68,892.68,0.0,0.02,pass,not_required
2020-11-02,year_stratified,vndirect,vps,high,900.03,899.94,0.08999999999991815,0.02,discrepancy,unresolved
2020-11-02,year_stratified,vndirect,vps,low,889.83,889.83,0.0,0.02,pass,not_required
2020-11-02,year_stratified,vndirect,vps,close,899.27,899.27,0.0,0.02,pass,not_required
2020-12-18,year_stratified,vndirect,vps,open,1017.99,1016.95,1.0399999999999636,0.02,discrepancy,unresolved
2020-12-18,year_stratified,vndirect,vps,high,1037.98,1037.98,0.0,0.02,pass,not_required
2020-12-18,year_stratified,vndirect,vps,low,1017.99,1016.95,1.0399999999999636,0.02,discrepancy,unresolved
2020-12-18,year_stratified,vndirect,vps,close,1036.65,1036.65,0.0,0.02,pass,not_required
2021-01-19,extreme_vndirect;extreme_vps,vndirect,vps,open,1173.27,1173.27,0.0,0.02,pass,not_required
2021-01-19,extreme_vndirect;extreme_vps,vndirect,vps,high,1173.61,1173.61,0.0,0.02,pass,not_required
2021-01-19,extreme_vndirect;extreme_vps,vndirect,vps,low,1098.47,1098.47,0.0,0.02,pass,not_required
2021-01-19,extreme_vndirect;extreme_vps,vndirect,vps,close,1107.32,1107.32,0.0,0.02,pass,not_required
2021-01-28,extreme_vndirect;extreme_vps,vndirect,vps,open,1080.83,1080.83,0.0,0.02,pass,not_required
2021-01-28,extreme_vndirect;extreme_vps,vndirect,vps,high,1080.83,1080.83,0.0,0.02,pass,not_required
2021-01-28,extreme_vndirect;extreme_vps,vndirect,vps,low,1008.53,1008.53,0.0,0.02,pass,not_required
2021-01-28,extreme_vndirect;extreme_vps,vndirect,vps,close,1010.75,1010.75,0.0,0.02,pass,not_required
2021-03-05,year_stratified,vndirect,vps,open,1174.36,1174.36,0.0,0.02,pass,not_required
2021-03-05,year_stratified,vndirect,vps,high,1174.8,1174.8,0.0,0.02,pass,not_required
2021-03-05,year_stratified,vndirect,vps,low,1157.45,1157.45,0.0,0.02,pass,not_required
2021-03-05,year_stratified,vndirect,vps,close,1173.83,1174.16,0.3300000000001546,0.02,discrepancy,unresolved
2021-03-25,year_stratified,vndirect,vps,open,1165.8,1165.8,0.0,0.02,pass,not_required
2021-03-25,year_stratified,vndirect,vps,high,1175.86,1175.86,0.0,0.02,pass,not_required
2021-03-25,year_stratified,vndirect,vps,low,1159.25,1159.25,0.0,0.02,pass,not_required
2021-03-25,year_stratified,vndirect,vps,close,1164.64,1164.64,0.0,0.02,pass,not_required
2021-05-26,year_stratified,vndirect,vps,open,1443.93,1443.93,0.0,0.02,pass,not_required
2021-05-26,year_stratified,vndirect,vps,high,1456.55,1456.55,0.0,0.02,pass,not_required
2021-05-26,year_stratified,vndirect,vps,low,1440.6,1440.6,0.0,0.02,pass,not_required
2021-05-26,year_stratified,vndirect,vps,close,1455.11,1455.11,0.0,0.02,pass,not_required
2021-07-26,year_stratified,vndirect,vps,open,1397.01,1397.01,0.0,0.02,pass,not_required
2021-07-26,year_stratified,vndirect,vps,high,1409.94,1409.94,0.0,0.02,pass,not_required
2021-07-26,year_stratified,vndirect,vps,low,1384.87,1384.87,0.0,0.02,pass,not_required
2021-07-26,year_stratified,vndirect,vps,close,1403.96,1403.96,0.0,0.02,pass,not_required
2021-08-17,year_stratified,vndirect,vps,open,1508.41,1508.41,0.0,0.02,pass,not_required
2021-08-17,year_stratified,vndirect,vps,high,1512.27,1512.27,0.0,0.02,pass,not_required
2021-08-17,year_stratified,vndirect,vps,low,1488.74,1488.74,0.0,0.02,pass,not_required
2021-08-17,year_stratified,vndirect,vps,close,1494.12,1494.12,0.0,0.02,pass,not_required
2022-03-01,year_stratified,vndirect,vps,open,1521.44,1521.44,0.0,0.02,pass,not_required
2022-03-01,year_stratified,vndirect,vps,high,1525.0,1525.0,0.0,0.02,pass,not_required
2022-03-01,year_stratified,vndirect,vps,low,1515.49,1515.49,0.0,0.02,pass,not_required
2022-03-01,year_stratified,vndirect,vps,close,1520.12,1520.12,0.0,0.02,pass,not_required
2022-04-25,extreme_vndirect;extreme_vps,vndirect,vps,open,1444.79,1444.79,0.0,0.02,pass,not_required
2022-04-25,extreme_vndirect;extreme_vps,vndirect,vps,high,1445.62,1445.62,0.0,0.02,pass,not_required
2022-04-25,extreme_vndirect;extreme_vps,vndirect,vps,low,1356.36,1356.36,0.0,0.02,pass,not_required
2022-04-25,extreme_vndirect;extreme_vps,vndirect,vps,close,1366.39,1366.39,0.0,0.02,pass,not_required
2022-05-11,year_stratified,vndirect,vps,open,1344.14,1344.14,0.0,0.02,pass,not_required
2022-05-11,year_stratified,vndirect,vps,high,1355.11,1355.11,0.0,0.02,pass,not_required
2022-05-11,year_stratified,vndirect,vps,low,1324.2,1324.2,0.0,0.02,pass,not_required
2022-05-11,year_stratified,vndirect,vps,close,1349.82,1349.82,0.0,0.02,pass,not_required
2022-06-20,year_stratified,vndirect,vps,open,1258.3,1258.3,0.0,0.02,pass,not_required
2022-06-20,year_stratified,vndirect,vps,high,1262.83,1262.83,0.0,0.02,pass,not_required
2022-06-20,year_stratified,vndirect,vps,low,1223.03,1223.03,0.0,0.02,pass,not_required
2022-06-20,year_stratified,vndirect,vps,close,1225.56,1225.56,0.0,0.02,pass,not_required
2022-09-05,year_stratified,vndirect,vps,open,1300.5,1300.5,0.0,0.02,pass,not_required
2022-09-05,year_stratified,vndirect,vps,high,1305.62,1305.62,0.0,0.02,pass,not_required
2022-09-05,year_stratified,vndirect,vps,low,1294.44,1294.44,0.0,0.02,pass,not_required
2022-09-05,year_stratified,vndirect,vps,close,1298.15,1298.15,0.0,0.02,pass,not_required
2022-09-16,year_stratified,vndirect,vps,open,1259.9,1259.9,0.0,0.02,pass,not_required
2022-09-16,year_stratified,vndirect,vps,high,1263.97,1263.97,0.0,0.02,pass,not_required
2022-09-16,year_stratified,vndirect,vps,low,1248.13,1248.13,0.0,0.02,pass,not_required
2022-09-16,year_stratified,vndirect,vps,close,1252.78,1252.78,0.0,0.02,pass,not_required
2023-02-28,year_stratified,vndirect,vps,open,1018.66,1018.66,0.0,0.02,pass,not_required
2023-02-28,year_stratified,vndirect,vps,high,1026.65,1026.65,0.0,0.02,pass,not_required
2023-02-28,year_stratified,vndirect,vps,low,1009.18,1009.18,0.0,0.02,pass,not_required
2023-02-28,year_stratified,vndirect,vps,close,1014.96,1014.96,0.0,0.02,pass,not_required
2023-05-24,year_stratified,vndirect,vps,open,1072.23,1072.23,0.0,0.02,pass,not_required
2023-05-24,year_stratified,vndirect,vps,high,1072.52,1072.52,0.0,0.02,pass,not_required
2023-05-24,year_stratified,vndirect,vps,low,1060.83,1060.83,0.0,0.02,pass,not_required
2023-05-24,year_stratified,vndirect,vps,close,1061.55,1061.55,0.0,0.02,pass,not_required
2023-10-09,year_stratified,vndirect,vps,open,1139.07,1139.07,0.0,0.02,pass,not_required
2023-10-09,year_stratified,vndirect,vps,high,1150.37,1150.37,0.0,0.02,pass,not_required
2023-10-09,year_stratified,vndirect,vps,low,1135.67,1135.67,0.0,0.02,pass,not_required
2023-10-09,year_stratified,vndirect,vps,close,1150.37,1150.37,0.0,0.02,pass,not_required
2023-10-11,year_stratified,vndirect,vps,open,1161.87,1161.87,0.0,0.02,pass,not_required
2023-10-11,year_stratified,vndirect,vps,high,1167.29,1167.29,0.0,0.02,pass,not_required
2023-10-11,year_stratified,vndirect,vps,low,1154.45,1154.45,0.0,0.02,pass,not_required
2023-10-11,year_stratified,vndirect,vps,close,1167.29,1167.29,0.0,0.02,pass,not_required
2023-11-17,year_stratified,vndirect,vps,open,1135.52,1135.52,0.0,0.02,pass,not_required
2023-11-17,year_stratified,vndirect,vps,high,1137.73,1137.73,0.0,0.02,pass,not_required
2023-11-17,year_stratified,vndirect,vps,low,1096.44,1096.44,0.0,0.02,pass,not_required
2023-11-17,year_stratified,vndirect,vps,close,1103.53,1103.53,0.0,0.02,pass,not_required
2024-01-25,year_stratified,vndirect,vps,open,1180.64,1180.64,0.0,0.02,pass,not_required
2024-01-25,year_stratified,vndirect,vps,high,1180.68,1180.68,0.0,0.02,pass,not_required
2024-01-25,year_stratified,vndirect,vps,low,1174.11,1174.11,0.0,0.02,pass,not_required
2024-01-25,year_stratified,vndirect,vps,close,1177.52,1177.52,0.0,0.02,pass,not_required
2024-08-07,year_stratified,vndirect,vps,open,1259.22,1259.22,0.0,0.02,pass,not_required
2024-08-07,year_stratified,vndirect,vps,high,1259.39,1259.39,0.0,0.02,pass,not_required
2024-08-07,year_stratified,vndirect,vps,low,1245.46,1245.46,0.0,0.02,pass,not_required
2024-08-07,year_stratified,vndirect,vps,close,1253.58,1253.58,0.0,0.02,pass,not_required
2024-08-16,year_stratified,vndirect,vps,open,1266.95,1266.95,0.0,0.02,pass,not_required
2024-08-16,year_stratified,vndirect,vps,high,1291.89,1291.89,0.0,0.02,pass,not_required
2024-08-16,year_stratified,vndirect,vps,low,1266.95,1266.95,0.0,0.02,pass,not_required
2024-08-16,year_stratified,vndirect,vps,close,1291.68,1291.68,0.0,0.02,pass,not_required
2024-08-28,year_stratified,vndirect,vps,open,1325.77,1325.77,0.0,0.02,pass,not_required
2024-08-28,year_stratified,vndirect,vps,high,1327.64,1327.64,0.0,0.02,pass,not_required
2024-08-28,year_stratified,vndirect,vps,low,1320.18,1320.18,0.0,0.02,pass,not_required
2024-08-28,year_stratified,vndirect,vps,close,1323.54,1323.54,0.0,0.02,pass,not_required
2024-10-09,year_stratified,vndirect,vps,open,1340.56,1340.56,0.0,0.02,pass,not_required
2024-10-09,year_stratified,vndirect,vps,high,1352.52,1352.52,0.0,0.02,pass,not_required
2024-10-09,year_stratified,vndirect,vps,low,1338.93,1338.93,0.0,0.02,pass,not_required
2024-10-09,year_stratified,vndirect,vps,close,1351.97,1351.97,0.0,0.02,pass,not_required
2025-04-02,year_stratified,vndirect,vps,open,1381.03,1381.03,0.0,0.02,pass,not_required
2025-04-02,year_stratified,vndirect,vps,high,1384.38,1384.38,0.0,0.02,pass,not_required
2025-04-02,year_stratified,vndirect,vps,low,1376.54,1376.54,0.0,0.02,pass,not_required
2025-04-02,year_stratified,vndirect,vps,close,1376.94,1376.94,0.0,0.02,pass,not_required
2025-04-03,extreme_vndirect;extreme_vps,vndirect,vps,open,1342.46,1342.46,0.0,0.02,pass,not_required
2025-04-03,extreme_vndirect;extreme_vps,vndirect,vps,high,1342.46,1342.46,0.0,0.02,pass,not_required
2025-04-03,extreme_vndirect;extreme_vps,vndirect,vps,low,1282.99,1282.99,0.0,0.02,pass,not_required
2025-04-03,extreme_vndirect;extreme_vps,vndirect,vps,close,1283.18,1283.18,0.0,0.02,pass,not_required
2025-04-08,extreme_vndirect;extreme_vps,vndirect,vps,open,1241.58,1241.58,0.0,0.02,pass,not_required
2025-04-08,extreme_vndirect;extreme_vps,vndirect,vps,high,1245.51,1245.51,0.0,0.02,pass,not_required
2025-04-08,extreme_vndirect;extreme_vps,vndirect,vps,low,1193.47,1193.47,0.0,0.02,pass,not_required
2025-04-08,extreme_vndirect;extreme_vps,vndirect,vps,close,1197.51,1197.51,0.0,0.02,pass,not_required
2025-04-10,extreme_vndirect;extreme_vps,vndirect,vps,open,1248.92,1248.92,0.0,0.02,pass,not_required
2025-04-10,extreme_vndirect;extreme_vps,vndirect,vps,high,1249.29,1249.29,0.0,0.02,pass,not_required
2025-04-10,extreme_vndirect;extreme_vps,vndirect,vps,low,1248.1,1248.1,0.0,0.02,pass,not_required
2025-04-10,extreme_vndirect;extreme_vps,vndirect,vps,close,1249.29,1249.29,0.0,0.02,pass,not_required
2025-06-16,year_stratified,vndirect,vps,open,1401.2,1394.58,6.620000000000118,0.02,discrepancy,unresolved
2025-06-16,year_stratified,vndirect,vps,high,1421.27,1421.27,0.0,0.02,pass,not_required
2025-06-16,year_stratified,vndirect,vps,low,1382.2,1382.2,0.0,0.02,pass,not_required
2025-06-16,year_stratified,vndirect,vps,close,1420.35,1420.35,0.0,0.02,pass,not_required
2025-07-10,year_stratified,vndirect,vps,open,1543.27,1550.99,7.720000000000027,0.02,discrepancy,unresolved
2025-07-10,year_stratified,vndirect,vps,high,1569.4,1569.4,0.0,0.02,pass,not_required
2025-07-10,year_stratified,vndirect,vps,low,1543.27,1543.27,0.0,0.02,pass,not_required
2025-07-10,year_stratified,vndirect,vps,close,1569.34,1569.34,0.0,0.02,pass,not_required
2025-08-05,year_stratified,vndirect,vps,open,1653.22,1676.2,22.980000000000018,0.02,discrepancy,unresolved
2025-08-05,year_stratified,vndirect,vps,high,1730.14,1730.14,0.0,0.02,pass,not_required
2025-08-05,year_stratified,vndirect,vps,low,1653.22,1653.22,0.0,0.02,pass,not_required
2025-08-05,year_stratified,vndirect,vps,close,1690.43,1690.43,0.0,0.02,pass,not_required
2025-11-06,year_stratified,vndirect,vps,open,1886.48,1886.48,0.0,0.02,pass,not_required
2025-11-06,year_stratified,vndirect,vps,high,1890.96,1890.96,0.0,0.02,pass,not_required
2025-11-06,year_stratified,vndirect,vps,low,1866.91,1866.91,0.0,0.02,pass,not_required
2025-11-06,year_stratified,vndirect,vps,close,1869.6,1869.6,0.0,0.02,pass,not_required
2026-03-02,year_stratified,vndirect,vps,open,2058.79,2058.79,0.0,0.02,pass,not_required
2026-03-02,year_stratified,vndirect,vps,high,2058.79,2058.79,0.0,0.02,pass,not_required
2026-03-02,year_stratified,vndirect,vps,low,2009.13,2010.75,1.6199999999998909,0.02,discrepancy,unresolved
2026-03-02,year_stratified,vndirect,vps,close,2010.75,2010.75,0.0,0.02,pass,not_required
2026-03-09,extreme_vndirect;extreme_vps,vndirect,vps,open,1898.91,1898.91,0.0,0.02,pass,not_required
2026-03-09,extreme_vndirect;extreme_vps,vndirect,vps,high,1898.91,1898.91,0.0,0.02,pass,not_required
2026-03-09,extreme_vndirect;extreme_vps,vndirect,vps,low,1773.41,1773.41,0.0,0.02,pass,not_required
2026-03-09,extreme_vndirect;extreme_vps,vndirect,vps,close,1780.71,1780.71,0.0,0.02,pass,not_required
2026-04-10,year_stratified,vndirect,vps,open,1931.83,1931.83,0.0,0.02,pass,not_required
2026-04-10,year_stratified,vndirect,vps,high,1946.6,1946.6,0.0,0.02,pass,not_required
2026-04-10,year_stratified,vndirect,vps,low,1921.38,1926.09,4.709999999999809,0.02,discrepancy,unresolved
2026-04-10,year_stratified,vndirect,vps,close,1928.23,1928.23,0.0,0.02,pass,not_required
2026-06-05,year_stratified,vndirect,vps,open,1984.36,1984.36,0.0,0.02,pass,not_required
2026-06-05,year_stratified,vndirect,vps,high,1990.8,1990.8,0.0,0.02,pass,not_required
2026-06-05,year_stratified,vndirect,vps,low,1976.25,1976.85,0.599999999999909,0.02,discrepancy,unresolved
2026-06-05,year_stratified,vndirect,vps,close,1986.28,1986.28,0.0,0.02,pass,not_required
2026-08-10,year_stratified,vndirect,vps,open,1916.34,1916.34,0.0,0.02,pass,not_required
2026-08-10,year_stratified,vndirect,vps,high,1933.73,1933.73,0.0,0.02,pass,not_required
2026-08-10,year_stratified,vndirect,vps,low,1899.64,1899.64,0.0,0.02,pass,not_required
2026-08-10,year_stratified,vndirect,vps,close,1925.18,1925.18,0.0,0.02,pass,not_required
2026-10-02,year_stratified,vndirect,vps,open,1890.92,1890.92,0.0,0.02,pass,not_required
2026-10-02,year_stratified,vndirect,vps,high,1896.02,1896.02,0.0,0.02,pass,not_required
2026-10-02,year_stratified,vndirect,vps,low,1865.78,1871.33,5.5499999999999545,0.02,discrepancy,unresolved
2026-10-02,year_stratified,vndirect,vps,close,1875.99,1875.99,0.0,0.02,pass,not_required
