case_id,provider,date,open,high,low,close,valid_candle,previous_date,previous_close,open_equals_previous_close
C01,vndirect,2020-06-18,795.84,800.03,788.72,797.08,True,2020-06-17,796.43,False
C01,vps,2020-06-18,795.84,800.03,788.72,797.08,True,2020-06-17,796.43,False
C01,dnse,2020-06-18,795.84,800.03,788.72,799.53,True,2020-06-17,797.54,False
C01,kbs,2020-06-18,795.84,800.03,788.72,797.08,True,2020-06-17,796.43,False
C01,vci,2020-06-18,795.84,800.03,788.72,797.08,True,2020-06-17,796.43,False
C02,vndirect,2020-07-15,805.38,815.09,805.38,810.16,True,2020-07-14,805.37,False
C02,vps,2020-07-15,805.38,815.09,805.38,810.16,True,2020-07-14,805.37,False
C02,dnse,2020-07-15,805.38,815.09,805.38,812.62,True,2020-07-14,800.57,False
C02,kbs,2020-07-15,805.37,815.09,805.37,810.16,True,2020-07-14,805.37,True
C02,vci,2020-07-15,805.38,815.09,805.38,810.16,True,2020-07-14,805.37,False
C03,vndirect,2020-07-30,735.3,746.74,735.3,746.02,True,2020-07-29,735.16,False
C03,vps,2020-07-30,735.3,746.74,735.16,746.02,True,2020-07-29,735.16,False
C03,dnse,2020-07-30,735.16,746.74,735.16,746.02,True,2020-07-29,731.14,False
C03,kbs,2020-07-30,735.16,746.74,735.16,746.02,True,2020-07-29,735.16,True
C03,vci,2020-07-30,735.3,746.74,735.16,746.02,True,2020-07-29,735.16,False
C04,vndirect,2020-07-30,735.3,746.74,735.3,746.02,True,2020-07-29,735.16,False
C04,vps,2020-07-30,735.3,746.74,735.16,746.02,True,2020-07-29,735.16,False
C04,dnse,2020-07-30,735.16,746.74,735.16,746.02,True,2020-07-29,731.14,False
C04,kbs,2020-07-30,735.16,746.74,735.16,746.02,True,2020-07-29,735.16,True
C04,vci,2020-07-30,735.3,746.74,735.16,746.02,True,2020-07-29,735.16,False
C05,vndirect,2020-08-13,789.26,795.69,789.26,795.09,True,2020-08-12,788.42,False
C05,vps,2020-08-13,788.42,795.69,789.26,795.09,False,2020-08-12,788.42,True
C05,dnse,2020-08-13,788.42,795.69,788.42,795.09,True,2020-08-12,788.42,True
C05,kbs,2020-08-13,788.42,795.69,788.42,795.09,True,2020-08-12,788.42,True
C05,vci,2020-08-13,788.42,795.69,789.26,795.09,False,2020-08-12,788.42,True
C06,vndirect,2020-08-13,789.26,795.69,789.26,795.09,True,2020-08-12,788.42,False
C06,vps,2020-08-13,788.42,795.69,789.26,795.09,False,2020-08-12,788.42,True
C06,dnse,2020-08-13,788.42,795.69,788.42,795.09,True,2020-08-12,788.42,True
C06,kbs,2020-08-13,788.42,795.69,788.42,795.09,True,2020-08-12,788.42,True
C06,vci,2020-08-13,788.42,795.69,789.26,795.09,False,2020-08-12,788.42,True
C07,vndirect,2021-01-19,1173.27,1173.61,1098.47,1107.32,True,2021-01-18,1173.34,False
C07,vps,2021-01-19,1173.27,1173.61,1098.47,1107.32,True,2021-01-18,1173.34,False
C07,dnse,2021-01-19,1173.34,1173.61,1098.47,1107.32,True,2021-01-18,1173.34,True
C07,kbs,2021-01-19,1173.34,1173.61,1098.47,1107.32,True,2021-01-18,1173.34,True
C07,vci,2021-01-19,1173.27,1173.61,1098.47,1107.32,True,2021-01-18,1173.34,False
C08,vndirect,2021-06-17,1463.98,1469.44,1445.39,1461.91,True,2021-06-16,1465.58,False
C08,vps,2021-06-17,1463.98,1469.44,1445.39,1461.91,True,2021-06-16,1465.58,False
C08,dnse,2021-06-17,1465.58,1469.44,1445.39,1461.91,True,2021-06-16,1465.58,True
C08,kbs,2021-06-17,1463.98,1469.44,1445.39,1461.91,True,2021-06-16,1465.58,False
C08,vci,2021-06-17,1463.98,1469.44,1445.39,1461.91,True,2021-06-16,1465.58,False
C09,vndirect,2021-07-26,1397.01,1409.94,1384.87,1403.96,True,2021-07-23,1401.53,False
C09,vps,2021-07-26,1397.01,1409.94,1384.87,1403.96,True,2021-07-23,1401.53,False
C09,dnse,2021-07-26,1396.45,1409.94,1384.87,1403.96,True,2021-07-22,1428.48,False
C09,kbs,2021-07-26,1397.01,1409.94,1384.87,1403.96,True,2021-07-23,1401.53,False
C09,vci,2021-07-26,1397.01,1409.94,1384.87,1403.96,True,2021-07-23,1401.53,False
C10,vndirect,2021-08-26,1432.37,1433.67,1408.08,1412.45,True,2021-08-25,1428.51,False
C10,vps,2021-08-26,1432.37,1433.67,1408.08,1412.45,True,2021-08-25,1428.51,False
C10,dnse,2021-08-26,1432.02,1433.67,1408.08,1412.45,True,2021-08-25,1428.51,False
C10,kbs,2021-08-26,1432.37,1433.67,1408.08,1412.45,True,2021-08-25,1428.51,False
C10,vci,2021-08-26,1432.37,1433.67,1408.08,1412.45,True,2021-08-25,1428.51,False
C11,vndirect,2021-10-13,1512.73,1519.11,1502.19,1505.55,True,2021-10-12,1509.57,False
C11,vps,2021-10-13,1512.73,1519.11,1502.19,1505.55,True,2021-10-12,1509.57,False
C11,dnse,2021-10-13,1512.7,1519.11,1502.19,1505.55,True,2021-10-12,1509.57,False
C11,kbs,2021-10-13,1512.73,1519.11,1502.19,1505.55,True,2021-10-12,1509.57,False
C11,vci,2021-10-13,1512.73,1519.11,1502.19,1505.55,True,2021-10-12,1509.57,False
C12,vndirect,2021-10-19,1512.1,1513.83,1503.89,1507.19,True,2021-10-18,1510.49,False
C12,vps,2021-10-19,1512.1,1513.83,1503.89,1507.19,True,2021-10-18,1510.49,False
C12,dnse,2021-10-19,1510.78,1513.83,1503.89,1507.19,True,2021-10-18,1510.49,False
C12,kbs,2021-10-19,1512.1,1513.83,1503.89,1507.19,True,2021-10-18,1510.49,False
C12,vci,2021-10-19,1512.1,1513.83,1503.89,1507.19,True,2021-10-18,1510.49,False
C13,vndirect,2022-05-12,1337.01,1339.25,1279.48,1279.76,True,2022-05-11,1349.82,False
C13,vps,2022-05-12,1337.01,1339.25,1279.48,1279.76,True,2022-05-11,1349.82,False
C13,dnse,2022-05-12,1337.01,1349.82,1279.48,1279.76,True,2022-05-11,1349.82,False
C13,kbs,2022-05-12,1337.01,1339.25,1279.48,1279.76,True,2022-05-11,1349.82,False
C13,vci,2022-05-12,1337.01,1339.25,1279.48,1279.76,True,2022-05-11,1349.82,False
C14,vndirect,2022-10-26,995.73,999.59,979.4,990.41,True,2022-10-25,991.52,False
C14,vps,2022-10-26,995.73,999.59,979.4,990.41,True,2022-10-25,991.52,False
C14,dnse,2022-10-26,995.73,999.59,979.4,988.69,True,2022-10-25,991.52,False
C14,kbs,2022-10-26,995.73,999.59,979.4,990.41,True,2022-10-25,991.52,False
C14,vci,2022-10-26,995.73,999.59,979.4,990.41,True,2022-10-25,991.52,False
C15,vndirect,2025-04-04,1269.06,1280.52,1208.42,1280.52,True,2025-04-03,1283.18,False
C15,vps,2025-04-04,1269.06,1280.52,1208.42,1280.52,True,2025-04-03,1283.18,False
C15,dnse,2025-04-04,1221.15,1280.52,1216.27,1280.52,True,2025-04-02,1376.94,False
C15,kbs,2025-04-04,1269.06,1280.52,1208.42,1280.52,True,2025-04-03,1283.18,False
C15,vci,2025-04-04,1269.06,1280.52,1208.42,1280.52,True,2025-04-03,1283.18,False
C16,vndirect,2025-04-04,1269.06,1280.52,1208.42,1280.52,True,2025-04-03,1283.18,False
C16,vps,2025-04-04,1269.06,1280.52,1208.42,1280.52,True,2025-04-03,1283.18,False
C16,dnse,2025-04-04,1221.15,1280.52,1216.27,1280.52,True,2025-04-02,1376.94,False
C16,kbs,2025-04-04,1269.06,1280.52,1208.42,1280.52,True,2025-04-03,1283.18,False
C16,vci,2025-04-04,1269.06,1280.52,1208.42,1280.52,True,2025-04-03,1283.18,False
C17,vndirect,2025-05-13,1372.04,1384.01,1370.29,1382.78,True,2025-05-12,1372.04,True
C17,vps,2025-05-13,1382.14,1384.01,1370.29,1382.78,True,2025-05-12,1372.04,False
C17,dnse,2025-05-13,1382.14,1382.88,1371.11,1382.78,True,2025-05-12,1372.04,False
C17,kbs,2025-05-13,1372.04,1384.01,1370.29,1382.78,True,2025-05-12,1372.04,True
C17,vci,2025-05-13,1382.14,1384.01,1370.29,1382.78,True,2025-05-12,1372.04,False
C18,vndirect,2025-05-13,1372.04,1384.01,1370.29,1382.78,True,2025-05-12,1372.04,True
C18,vps,2025-05-13,1382.14,1384.01,1370.29,1382.78,True,2025-05-12,1372.04,False
C18,dnse,2025-05-13,1382.14,1382.88,1371.11,1382.78,True,2025-05-12,1372.04,False
C18,kbs,2025-05-13,1372.04,1384.01,1370.29,1382.78,True,2025-05-12,1372.04,True
C18,vci,2025-05-13,1382.14,1384.01,1370.29,1382.78,True,2025-05-12,1372.04,False
C19,vndirect,2025-05-13,1372.04,1384.01,1370.29,1382.78,True,2025-05-12,1372.04,True
C19,vps,2025-05-13,1382.14,1384.01,1370.29,1382.78,True,2025-05-12,1372.04,False
C19,dnse,2025-05-13,1382.14,1382.88,1371.11,1382.78,True,2025-05-12,1372.04,False
C19,kbs,2025-05-13,1372.04,1384.01,1370.29,1382.78,True,2025-05-12,1372.04,True
C19,vci,2025-05-13,1382.14,1384.01,1370.29,1382.78,True,2025-05-12,1372.04,False
C20,vndirect,2025-06-20,1439.3,1443.79,1423.77,1435.19,True,2025-06-19,1439.3,True
C20,vps,2025-06-20,1442.13,1443.79,1423.77,1435.19,True,2025-06-19,1439.3,False
C20,dnse,2025-06-20,1442.13,1443.79,1432.44,1435.19,True,2025-06-19,1439.3,False
C20,kbs,2025-06-20,1439.3,1443.79,1423.77,1435.19,True,2025-06-19,1439.3,True
C20,vci,2025-06-20,1442.13,1443.79,1423.77,1435.19,True,2025-06-19,1439.3,False
C21,vndirect,2025-06-20,1439.3,1443.79,1423.77,1435.19,True,2025-06-19,1439.3,True
C21,vps,2025-06-20,1442.13,1443.79,1423.77,1435.19,True,2025-06-19,1439.3,False
C21,dnse,2025-06-20,1442.13,1443.79,1432.44,1435.19,True,2025-06-19,1439.3,False
C21,kbs,2025-06-20,1439.3,1443.79,1423.77,1435.19,True,2025-06-19,1439.3,True
C21,vci,2025-06-20,1442.13,1443.79,1423.77,1435.19,True,2025-06-19,1439.3,False
C22,vndirect,2025-09-18,1873.88,1879.52,1833.16,1861.74,True,2025-09-17,1868.85,False
C22,vps,2025-09-18,1873.88,1879.52,1833.16,1861.74,True,2025-09-17,1868.85,False
C22,dnse,2025-09-18,1873.88,1879.52,1849.1,1861.74,True,2025-09-17,1868.85,False
C22,kbs,2025-09-18,1873.88,1879.52,1849.1,1861.74,True,2025-09-17,1868.85,False
C22,vci,2025-09-18,1873.88,1879.52,1845.46,1861.74,True,2025-09-17,1868.85,False
C23,vndirect,2025-10-20,1968.92,1977.14,1868.69,1870.86,True,2025-10-17,1977.14,False
C23,vps,2025-10-20,1968.92,1972.81,1870.86,1870.86,True,2025-10-17,1977.14,False
C23,dnse,2025-10-20,1966.8,1972.81,1870.86,1870.86,True,2025-10-17,1977.14,False
C23,kbs,2025-10-20,1968.92,1977.14,1870.86,1870.86,True,2025-10-17,1977.14,False
C23,vci,2025-10-20,1968.92,1972.81,1870.86,1870.86,True,2025-10-17,1977.14,False
C24,vndirect,2025-10-20,1968.92,1977.14,1868.69,1870.86,True,2025-10-17,1977.14,False
C24,vps,2025-10-20,1968.92,1972.81,1870.86,1870.86,True,2025-10-17,1977.14,False
C24,dnse,2025-10-20,1966.8,1972.81,1870.86,1870.86,True,2025-10-17,1977.14,False
C24,kbs,2025-10-20,1968.92,1977.14,1870.86,1870.86,True,2025-10-17,1977.14,False
C24,vci,2025-10-20,1968.92,1972.81,1870.86,1870.86,True,2025-10-17,1977.14,False
C25,vndirect,2025-10-20,1968.92,1977.14,1868.69,1870.86,True,2025-10-17,1977.14,False
C25,vps,2025-10-20,1968.92,1972.81,1870.86,1870.86,True,2025-10-17,1977.14,False
C25,dnse,2025-10-20,1966.8,1972.81,1870.86,1870.86,True,2025-10-17,1977.14,False
C25,kbs,2025-10-20,1968.92,1977.14,1870.86,1870.86,True,2025-10-17,1977.14,False
C25,vci,2025-10-20,1968.92,1972.81,1870.86,1870.86,True,2025-10-17,1977.14,False
C26,vndirect,2026-04-16,1966.13,1982.79,1958.76,1979.19,True,2026-04-15,1961.6,False
C26,vps,2026-04-16,1966.13,1982.79,1958.76,1979.19,True,2026-04-15,1961.6,False
C26,dnse,2026-04-16,1966.27,1982.79,1958.76,1979.19,True,2026-04-15,1961.6,False
C26,kbs,2026-04-16,1966.13,1982.79,1958.76,1979.19,True,2026-04-15,1961.6,False
C26,vci,2026-04-16,1966.13,1982.79,1958.76,1979.19,True,2026-04-15,1961.6,False
C27,vndirect,2026-07-29,1822.94,1850.93,1814.19,1849.12,True,2026-07-28,1824.35,False
C27,vps,2026-07-29,1822.94,1849.12,1814.19,1849.12,True,2026-07-28,1824.35,False
C27,dnse,2026-07-29,1822.94,1849.12,1814.19,1849.12,True,2026-07-28,1824.35,False
C27,kbs,2026-07-29,1822.94,1849.12,1814.19,1849.12,True,2026-07-28,1824.35,False
C27,vci,2026-07-29,1822.94,1849.12,1814.19,1849.12,True,2026-07-28,1824.35,False
C28,vndirect,2020-07-27,767.3,767.3,726.02,729.93,True,2020-07-24,772.29,False
C28,vps,2020-07-27,767.3,772.29,726.02,729.93,True,2020-07-24,772.29,False
C28,dnse,2020-07-27,767.3,767.3,726.02,729.93,True,2020-07-24,772.29,False
C28,kbs,2020-07-27,772.29,772.29,726.02,729.93,True,2020-07-24,772.29,True
C28,vci,2020-07-27,767.3,772.29,726.02,729.93,True,2020-07-24,772.29,False
C29,vndirect,2020-11-02,892.68,900.03,889.83,899.27,True,2020-10-30,892.55,False
C29,vps,2020-11-02,892.68,899.94,889.83,899.27,True,2020-10-30,892.55,False
C29,dnse,2020-11-02,892.68,900.03,889.83,899.27,True,2020-10-30,892.55,False
C29,kbs,2020-11-02,892.55,900.03,889.83,899.27,True,2020-10-30,892.55,True
C29,vci,2020-11-02,892.68,899.94,889.83,899.27,True,2020-10-30,892.55,False
C30,vndirect,2020-12-18,1017.99,1037.98,1017.99,1036.65,True,2020-12-17,1016.95,False
C30,vps,2020-12-18,1016.95,1037.98,1016.95,1036.65,True,2020-12-17,1016.95,True
C30,dnse,2020-12-18,1016.95,1037.98,1016.95,1036.65,True,2020-12-17,1016.95,True
C30,kbs,2020-12-18,1016.95,1037.98,1016.95,1036.65,True,2020-12-17,1016.95,True
C30,vci,2020-12-18,1016.95,1037.98,1016.95,1036.65,True,2020-12-17,1016.95,True
C31,vndirect,2020-12-18,1017.99,1037.98,1017.99,1036.65,True,2020-12-17,1016.95,False
C31,vps,2020-12-18,1016.95,1037.98,1016.95,1036.65,True,2020-12-17,1016.95,True
C31,dnse,2020-12-18,1016.95,1037.98,1016.95,1036.65,True,2020-12-17,1016.95,True
C31,kbs,2020-12-18,1016.95,1037.98,1016.95,1036.65,True,2020-12-17,1016.95,True
C31,vci,2020-12-18,1016.95,1037.98,1016.95,1036.65,True,2020-12-17,1016.95,True
C32,vndirect,2021-03-05,1174.36,1174.8,1157.45,1173.83,True,2021-03-04,1174.29,False
C32,vps,2021-03-05,1174.36,1174.8,1157.45,1174.16,True,2021-03-04,1174.29,False
C32,dnse,2021-03-05,1174.36,1174.8,1157.45,1173.83,True,2021-03-04,1174.29,False
C32,kbs,2021-03-05,1174.29,1174.8,1157.45,1173.83,True,2021-03-04,1174.29,True
C32,vci,2021-03-05,1174.36,1174.8,1157.45,1174.16,True,2021-03-04,1174.29,False
C33,vndirect,2025-06-16,1401.2,1421.27,1382.2,1420.35,True,2025-06-13,1401.2,True
C33,vps,2025-06-16,1394.58,1421.27,1382.2,1420.35,True,2025-06-13,1401.2,False
C33,dnse,2025-06-16,1395.01,1421.27,1394.64,1420.35,True,2025-06-13,1401.2,False
C33,kbs,2025-06-16,1401.2,1421.27,1382.2,1420.35,True,2025-06-13,1401.2,True
C33,vci,2025-06-16,1394.58,1421.27,1382.2,1420.35,True,2025-06-13,1401.2,False
C34,vndirect,2025-07-10,1543.27,1569.4,1543.27,1569.34,True,2025-07-09,1543.27,True
C34,vps,2025-07-10,1550.99,1569.4,1543.27,1569.34,True,2025-07-09,1543.27,False
C34,dnse,2025-07-10,1550.99,1569.39,1548.83,1569.34,True,2025-07-09,1543.27,False
C34,kbs,2025-07-10,1550.99,1569.39,1543.27,1569.34,True,2025-07-09,1543.27,False
C34,vci,2025-07-10,1550.99,1569.4,1543.27,1569.34,True,2025-07-09,1543.27,False
C35,vndirect,2025-08-05,1653.22,1730.14,1653.22,1690.43,True,2025-08-04,1653.22,True
C35,vps,2025-08-05,1676.2,1730.14,1653.22,1690.43,True,2025-08-04,1653.22,False
C35,dnse,2025-08-05,1676.09,1730.14,1653.5,1690.43,True,2025-08-04,1653.22,False
C35,kbs,2025-08-05,1676.2,1730.14,1653.22,1690.43,True,2025-08-04,1653.22,False
C35,vci,2025-08-05,1676.2,1730.14,1653.22,1690.43,True,2025-08-04,1653.22,False
C36,vndirect,2026-03-02,2058.79,2058.79,2009.13,2010.75,True,2026-02-27,2061.75,False
C36,vps,2026-03-02,2058.79,2058.79,2010.75,2010.75,True,2026-02-27,2061.75,False
C36,dnse,2026-03-02,2058.79,2058.79,2010.75,2010.75,True,2026-02-27,2061.75,False
C36,kbs,2026-03-02,2058.79,2061.75,2010.75,2010.75,True,2026-02-27,2061.75,False
C36,vci,2026-03-02,2058.79,2058.79,2010.75,2010.75,True,2026-02-27,2061.75,False
C37,vndirect,2026-04-10,1931.83,1946.6,1921.38,1928.23,True,2026-04-09,1915.01,False
C37,vps,2026-04-10,1931.83,1946.6,1926.09,1928.23,True,2026-04-09,1915.01,False
C37,dnse,2026-04-10,1931.83,1946.6,1926.09,1928.23,True,2026-04-09,1915.01,False
C37,kbs,2026-04-10,1931.83,1946.6,1915.01,1928.23,True,2026-04-09,1915.01,False
C37,vci,2026-04-10,1931.83,1946.6,1923.84,1928.23,True,2026-04-09,1915.01,False
C38,vndirect,2026-06-05,1984.36,1990.8,1976.25,1986.28,True,2026-06-04,1982.29,False
C38,vps,2026-06-05,1984.36,1990.8,1976.85,1986.28,True,2026-06-04,1982.29,False
C38,dnse,2026-06-05,1984.36,1990.8,1976.85,1986.28,True,2026-06-04,1982.29,False
C38,kbs,2026-06-05,1984.36,1990.8,1976.85,1986.28,True,2026-06-04,1982.29,False
C38,vci,2026-06-05,1984.36,1990.8,1976.62,1986.28,True,2026-06-04,1982.29,False
C39,vndirect,2026-10-02,1890.92,1896.02,1865.78,1875.99,True,2026-10-01,1890.57,False
C39,vps,2026-10-02,1890.92,1896.02,1871.33,1875.99,True,2026-10-01,1890.57,False
C39,dnse,2026-10-02,1890.92,1896.02,1871.33,1875.99,True,2026-10-01,1890.57,False
