case_id,date,field,comparator,vndirect,comparator_value,abs_difference,tolerance,vndirect_field,vndirect_valid_candle,vndirect_repeat_field,vndirect_repeat_valid_candle,vndirect_repeat_unchanged,vps_field,vps_valid_candle,vps_repeat_field,vps_repeat_valid_candle,vps_repeat_unchanged,dnse_field,dnse_valid_candle,dnse_repeat_field,dnse_repeat_valid_candle,dnse_repeat_unchanged,kbs_field,kbs_valid_candle,kbs_repeat_field,kbs_repeat_valid_candle,kbs_repeat_unchanged,vci_field,vci_valid_candle,vci_repeat_field,vci_repeat_valid_candle,vci_repeat_unchanged,publication_ids,adjudication,root_cause
C01,2020-06-18,close,dnse,797.08,799.53,2.449999999999932,0.02,797.08,True,797.08,True,True,797.08,True,797.08,True,True,799.53,True,799.53,True,True,797.08,True,,False,,797.08,True,,False,,csi_20200618,published_value_supports_vndirect,unresolved
C02,2020-07-15,close,dnse,810.16,812.62,2.4600000000000364,0.02,810.16,True,810.16,True,True,810.16,True,810.16,True,True,812.62,True,812.62,True,True,810.16,True,,False,,810.16,True,,False,,csi_20200715,published_value_supports_vndirect,unresolved
C03,2020-07-30,open,dnse,735.3,735.16,0.13999999999998636,0.02,735.3,True,735.3,True,True,735.3,True,735.3,True,True,735.16,True,735.16,True,True,735.16,True,,False,,735.3,True,,False,,,unresolved,unresolved
C04,2020-07-30,low,dnse,735.3,735.16,0.13999999999998636,0.02,735.3,True,735.3,True,True,735.16,True,735.16,True,True,735.16,True,735.16,True,True,735.16,True,,False,,735.16,True,,False,,,unresolved,unresolved
C05,2020-08-13,open,dnse,789.26,788.42,0.8400000000000318,0.02,789.26,True,789.26,True,True,788.42,False,788.42,False,True,788.42,True,788.42,True,True,788.42,True,,False,,788.42,False,,False,,,unresolved,unresolved
C06,2020-08-13,low,dnse,789.26,788.42,0.8400000000000318,0.02,789.26,True,789.26,True,True,789.26,False,789.26,False,True,788.42,True,788.42,True,True,788.42,True,,False,,789.26,False,,False,,,unresolved,unresolved
C07,2021-01-19,open,dnse,1173.27,1173.34,0.06999999999993634,0.02,1173.27,True,1173.27,True,True,1173.27,True,1173.27,True,True,1173.34,True,1173.34,True,True,1173.34,True,,False,,1173.27,True,,False,,,unresolved,unresolved
C08,2021-06-17,open,dnse,1463.98,1465.58,1.599999999999909,0.02,1463.98,True,1463.98,True,True,1463.98,True,1463.98,True,True,1465.58,True,1465.58,True,True,1463.98,True,,False,,1463.98,True,,False,,,unresolved,unresolved
C09,2021-07-26,open,dnse,1397.01,1396.45,0.5599999999999454,0.02,1397.01,True,1397.01,True,True,1397.01,True,1397.01,True,True,1396.45,True,1396.45,True,True,1397.01,True,,False,,1397.01,True,,False,,,unresolved,unresolved
C10,2021-08-26,open,dnse,1432.37,1432.02,0.34999999999990905,0.02,1432.37,True,1432.37,True,True,1432.37,True,1432.37,True,True,1432.02,True,1432.02,True,True,1432.37,True,,False,,1432.37,True,,False,,,unresolved,unresolved
C11,2021-10-13,open,dnse,1512.73,1512.7,0.029999999999972715,0.02,1512.73,True,1512.73,True,True,1512.73,True,1512.73,True,True,1512.7,True,1512.7,True,True,1512.73,True,,False,,1512.73,True,,False,,,unresolved,unresolved
C12,2021-10-19,open,dnse,1512.1,1510.78,1.3199999999999363,0.02,1512.1,True,1512.1,True,True,1512.1,True,1512.1,True,True,1510.78,True,1510.78,True,True,1512.1,True,,False,,1512.1,True,,False,,,unresolved,unresolved
C13,2022-05-12,high,dnse,1339.25,1349.82,10.569999999999936,0.02,1339.25,True,1339.25,True,True,1339.25,True,1339.25,True,True,1349.82,True,1349.82,True,True,1339.25,True,,False,,1339.25,True,,False,,,unresolved,unresolved
C14,2022-10-26,close,dnse,990.41,988.69,1.7199999999999136,0.02,990.41,True,990.41,True,True,990.41,True,990.41,True,True,988.69,True,988.69,True,True,990.41,True,,False,,990.41,True,,False,,pinetree_20221026,published_value_supports_vndirect,unresolved
C15,2025-04-04,open,dnse,1269.06,1221.15,47.909999999999854,0.02,1269.06,True,1269.06,True,True,1269.06,True,1269.06,True,True,1221.15,True,1221.15,True,True,1269.06,True,,False,,1269.06,True,,False,,,unresolved,unresolved
C16,2025-04-04,low,dnse,1208.42,1216.27,7.849999999999909,0.02,1208.42,True,1208.42,True,True,1208.42,True,1208.42,True,True,1216.27,True,1216.27,True,True,1208.42,True,,False,,1208.42,True,,False,,,unresolved,unresolved
C17,2025-05-13,open,dnse,1372.04,1382.14,10.100000000000136,0.02,1372.04,True,1372.04,True,True,1382.14,True,1382.14,True,True,1382.14,True,1382.14,True,True,1372.04,True,,False,,1382.14,True,,False,,,unresolved,unresolved
C18,2025-05-13,high,dnse,1384.01,1382.88,1.1299999999998818,0.02,1384.01,True,1384.01,True,True,1384.01,True,1384.01,True,True,1382.88,True,1382.88,True,True,1384.01,True,,False,,1384.01,True,,False,,,unresolved,unresolved
C19,2025-05-13,low,dnse,1370.29,1371.11,0.8199999999999363,0.02,1370.29,True,1370.29,True,True,1370.29,True,1370.29,True,True,1371.11,True,1371.11,True,True,1370.29,True,,False,,1370.29,True,,False,,,unresolved,unresolved
C20,2025-06-20,open,dnse,1439.3,1442.13,2.8300000000001546,0.02,1439.3,True,1439.3,True,True,1442.13,True,1442.13,True,True,1442.13,True,1442.13,True,True,1439.3,True,,False,,1442.13,True,,False,,,unresolved,unresolved
C21,2025-06-20,low,dnse,1423.77,1432.44,8.670000000000073,0.02,1423.77,True,1423.77,True,True,1423.77,True,1423.77,True,True,1432.44,True,1432.44,True,True,1423.77,True,,False,,1423.77,True,,False,,,unresolved,unresolved
C22,2025-09-18,low,dnse,1833.16,1849.1,15.939999999999827,0.02,1833.16,True,1833.16,True,True,1833.16,True,1833.16,True,True,1849.1,True,1849.1,True,True,1849.1,True,,False,,1845.46,True,,False,,,unresolved,unresolved
C23,2025-10-20,open,dnse,1968.92,1966.8,2.1200000000001182,0.02,1968.92,True,1968.92,True,True,1968.92,True,1968.92,True,True,1966.8,True,1966.8,True,True,1968.92,True,,False,,1968.92,True,,False,,,unresolved,unresolved
C24,2025-10-20,high,dnse,1977.14,1972.81,4.330000000000155,0.02,1977.14,True,1977.14,True,True,1972.81,True,1972.81,True,True,1972.81,True,1972.81,True,True,1977.14,True,,False,,1972.81,True,,False,,,unresolved,unresolved
C25,2025-10-20,low,dnse,1868.69,1870.86,2.1699999999998454,0.02,1868.69,True,1868.69,True,True,1870.86,True,1870.86,True,True,1870.86,True,1870.86,True,True,1870.86,True,,False,,1870.86,True,,False,,,unresolved,unresolved
C26,2026-04-16,open,dnse,1966.13,1966.27,0.13999999999987267,0.02,1966.13,True,1966.13,True,True,1966.13,True,1966.13,True,True,1966.27,True,1966.27,True,True,1966.13,True,1966.13,True,True,1966.13,True,,False,,,unresolved,unresolved
C27,2026-07-29,high,dnse,1850.93,1849.12,1.8100000000001728,0.02,1850.93,True,1850.93,True,True,1849.12,True,1849.12,True,True,1849.12,True,1849.12,True,True,1849.12,True,1849.12,True,True,1849.12,True,,False,,,unresolved,unresolved
C28,2020-07-27,high,vps,767.3,772.29,4.990000000000009,0.02,767.3,True,767.3,True,True,772.29,True,772.29,True,True,767.3,True,767.3,True,True,772.29,True,,False,,772.29,True,,False,,,unresolved,unresolved
C29,2020-11-02,high,vps,900.03,899.94,0.08999999999991815,0.02,900.03,True,900.03,True,True,899.94,True,899.94,True,True,900.03,True,900.03,True,True,900.03,True,,False,,899.94,True,,False,,,unresolved,unresolved
C30,2020-12-18,open,vps,1017.99,1016.95,1.0399999999999636,0.02,1017.99,True,1017.99,True,True,1016.95,True,1016.95,True,True,1016.95,True,1016.95,True,True,1016.95,True,,False,,1016.95,True,,False,,,unresolved,unresolved
C31,2020-12-18,low,vps,1017.99,1016.95,1.0399999999999636,0.02,1017.99,True,1017.99,True,True,1016.95,True,1016.95,True,True,1016.95,True,1016.95,True,True,1016.95,True,,False,,1016.95,True,,False,,,unresolved,unresolved
C32,2021-03-05,close,vps,1173.83,1174.16,0.3300000000001546,0.02,1173.83,True,1173.83,True,True,1174.16,True,1174.16,True,True,1173.83,True,1173.83,True,True,1173.83,True,,False,,1174.16,True,,False,,csi_20210305,published_value_supports_vndirect,unresolved
C33,2025-06-16,open,vps,1401.2,1394.58,6.620000000000118,0.02,1401.2,True,1401.2,True,True,1394.58,True,1394.58,True,True,1395.01,True,1395.01,True,True,1401.2,True,,False,,1394.58,True,,False,,,unresolved,unresolved
C34,2025-07-10,open,vps,1543.27,1550.99,7.720000000000027,0.02,1543.27,True,1543.27,True,True,1550.99,True,1550.99,True,True,1550.99,True,1550.99,True,True,1550.99,True,,False,,1550.99,True,,False,,,unresolved,unresolved
C35,2025-08-05,open,vps,1653.22,1676.2,22.980000000000018,0.02,1653.22,True,1653.22,True,True,1676.2,True,1676.2,True,True,1676.09,True,1676.09,True,True,1676.2,True,,False,,1676.2,True,,False,,,unresolved,unresolved
C36,2026-03-02,low,vps,2009.13,2010.75,1.6199999999998909,0.02,2009.13,True,2009.13,True,True,2010.75,True,2010.75,True,True,2010.75,True,2010.75,True,True,2010.75,True,2010.75,True,True,2010.75,True,,False,,,unresolved,unresolved
C37,2026-04-10,low,vps,1921.38,1926.09,4.709999999999809,0.02,1921.38,True,1921.38,True,True,1926.09,True,1926.09,True,True,1926.09,True,1926.09,True,True,1915.01,True,1915.01,True,True,1923.84,True,,False,,,unresolved,unresolved
C38,2026-06-05,low,vps,1976.25,1976.85,0.599999999999909,0.02,1976.25,True,1976.25,True,True,1976.85,True,1976.85,True,True,1976.85,True,1976.85,True,True,1976.85,True,1976.85,True,True,1976.62,True,,False,,,unresolved,unresolved
C39,2026-10-02,low,vps,1865.78,1871.33,5.5499999999999545,0.02,1865.78,True,1865.78,True,True,1871.33,True,1871.33,True,True,1871.33,True,1871.33,True,True,,False,1871.33,True,,,False,,False,,,unresolved,unresolved
