date,rows,open_equals_previous_close
2017-08,6,0
2017-09,20,0
2017-10,22,0
2017-11,22,0
2017-12,21,0
2018-01,20,0
2018-02,15,0
2018-03,22,0
2018-04,19,0
2018-05,22,0
2018-06,21,0
2018-07,22,0
2018-08,23,0
2018-09,19,0
2018-10,23,0
2018-11,22,0
2018-12,20,0
2019-01,22,0
2019-02,15,0
2019-03,21,0
2019-04,19,0
2019-05,22,0
2019-06,20,0
2019-07,23,0
2019-08,22,0
2019-09,20,0
2019-10,23,0
2019-11,21,0
2019-12,22,0
2020-01,17,0
2020-02,20,0
2020-03,22,0
2020-04,20,0
2020-05,20,0
2020-06,22,0
2020-07,23,0
2020-08,21,0
2020-09,21,0
2020-10,22,0
2020-11,21,0
2020-12,23,0
2021-01,20,0
2021-02,15,0
2021-03,23,0
2021-04,20,0
2021-05,20,0
2021-06,22,0
2021-07,22,1
2021-08,22,0
2021-09,20,0
2021-10,21,1
2021-11,22,0
2021-12,23,0
2022-01,19,0
2022-02,16,0
2022-03,23,0
2022-04,20,0
2022-05,20,0
2022-06,22,1
2022-07,21,0
2022-08,23,0
2022-09,20,0
2022-10,21,0
2022-11,22,0
2022-12,22,1
2023-01,16,0
2023-02,20,0
2023-03,23,0
2023-04,20,0
2023-05,20,0
2023-06,22,0
2023-07,21,0
2023-08,23,0
2023-09,19,0
2023-10,22,0
2023-11,22,0
2023-12,21,0
2024-01,22,0
2024-02,16,0
2024-03,21,0
2024-04,19,0
2024-05,22,0
2024-06,20,0
2024-07,23,0
2024-08,22,0
2024-09,19,0
2024-10,23,0
2024-11,21,1
2024-12,22,0
2025-01,17,0
2025-02,20,0
2025-03,21,1
2025-04,20,0
2025-05,20,20
2025-06,21,21
2025-07,23,23
2025-08,21,7
2025-09,20,0
2025-10,23,0
2025-11,20,0
2025-12,23,0
2026-01,20,0
2026-02,15,0
2026-03,22,0
2026-04,20,0
2026-05,20,0
2026-06,22,0
2026-07,23,1
2026-08,20,0
2026-09,20,0
2026-10,2,0
